dest_ip,dest_port,first_seen,last_online,malware
182.71.222.187,80,2/5/2020 20:29,2/6/2020,Heodo
5.32.84.54,80,2/5/2020 18:34,2/6/2020,Heodo
64.207.176.4,8080,2/5/2020 18:34,2/6/2020,Heodo
187.162.248.237,80,2/5/2020 17:46,2/6/2020,Heodo
45.118.133.154,7080,2/5/2020 17:46,2/6/2020,Heodo
149.210.171.237,8080,2/5/2020 17:33,2/6/2020,Heodo
37.211.90.253,80,2/5/2020 17:33,2/6/2020,Heodo
85.100.115.92,80,2/5/2020 17:33,2/6/2020,Heodo
213.107.110.252,80,2/5/2020 17:10,2/6/2020,Heodo
213.60.19.245,80,2/4/2020 23:28,2/6/2020,Heodo
76.86.17.1,80,2/4/2020 23:24,2/6/2020,Heodo
107.172.165.149,443,2/4/2020 23:22,2/6/2020,TrickBot
101.141.5.17,80,2/4/2020 23:11,2/6/2020,Heodo
78.188.33.71,80,2/4/2020 23:11,2/6/2020,Heodo
188.227.84.209,443,2/4/2020 19:31,2/5/2020,TrickBot
47.155.214.239,80,2/4/2020 18:46,2/5/2020,Heodo
185.186.77.222,443,2/4/2020 16:03,2/6/2020,TrickBot
5.2.78.70,443,2/4/2020 16:03,2/5/2020,TrickBot
88.99.112.87,443,2/4/2020 15:53,2/5/2020,TrickBot
81.177.180.254,443,2/4/2020 15:31,2/6/2020,TrickBot
185.65.202.240,443,2/4/2020 15:26,2/6/2020,TrickBot
51.254.164.240,443,2/4/2020 15:13,2/6/2020,TrickBot
45.148.120.13,443,2/4/2020 13:30,2/5/2020,TrickBot
193.26.217.243,443,2/4/2020 13:28,2/6/2020,TrickBot
185.11.146.86,443,2/4/2020 13:27,2/5/2020,TrickBot
110.232.188.29,443,2/4/2020 13:24,2/6/2020,Heodo
70.187.114.147,80,2/4/2020 13:15,2/4/2020,Heodo
98.15.121.180,8080,2/4/2020 13:14,2/4/2020,Heodo
152.169.31.120,8080,2/4/2020 13:08,2/6/2020,Heodo
50.251.171.165,80,2/4/2020 7:50,2/6/2020,Heodo
5.2.77.18,447,2/4/2020 0:35,2/6/2020,TrickBot
185.99.2.52,447,2/3/2020 19:53,2/5/2020,TrickBot
146.185.253.181,447,2/3/2020 19:52,2/6/2020,TrickBot
5.34.177.40,443,2/3/2020 19:51,2/6/2020,TrickBot
195.123.219.69,447,2/3/2020 19:49,2/6/2020,TrickBot
5.2.78.77,443,2/3/2020 19:31,2/6/2020,TrickBot
46.229.213.27,443,2/3/2020 19:31,2/5/2020,TrickBot
194.5.250.52,447,2/3/2020 16:49,2/5/2020,TrickBot
91.74.88.6,80,2/3/2020 15:08,2/4/2020,Heodo
24.167.122.146,8080,2/3/2020 14:50,2/6/2020,Heodo
174.53.195.88,80,2/3/2020 14:44,2/4/2020,Heodo
173.24.68.195,80,2/3/2020 14:13,2/4/2020,Heodo
42.115.22.145,80,2/3/2020 13:48,2/4/2020,Heodo
71.197.197.100,80,2/3/2020 13:47,2/3/2020,Heodo
94.156.35.119,447,2/1/2020 17:13,2/6/2020,TrickBot
5.255.96.108,447,2/1/2020 11:56,2/6/2020,TrickBot
212.109.220.222,447,1/31/2020 21:20,2/6/2020,TrickBot
212.109.195.175,447,1/31/2020 17:44,2/6/2020,TrickBot
198.211.121.27,8080,1/31/2020 14:26,2/6/2020,Heodo
190.70.1.69,80,1/31/2020 14:18,2/6/2020,Heodo
94.76.247.61,8080,1/31/2020 14:18,2/6/2020,Heodo
110.44.113.2,80,1/31/2020 14:08,2/3/2020,Heodo
45.55.179.121,8080,1/31/2020 13:58,2/6/2020,Heodo
104.236.28.47,8080,1/31/2020 13:54,2/6/2020,Heodo
104.131.41.185,8080,1/31/2020 13:43,2/6/2020,Heodo
101.100.137.135,80,1/31/2020 5:10,2/6/2020,Heodo
60.151.66.216,443,1/31/2020 3:17,2/6/2020,Heodo
186.6.245.26,443,1/30/2020 23:56,2/3/2020,Heodo
186.10.92.114,80,1/30/2020 23:13,2/6/2020,Heodo
105.27.155.182,80,1/30/2020 15:42,2/6/2020,Heodo
210.213.85.43,8080,1/30/2020 14:29,2/6/2020,Heodo
92.38.171.11,447,1/30/2020 11:04,1/31/2020,TrickBot
85.143.220.73,447,1/30/2020 1:03,2/6/2020,TrickBot
162.154.175.215,80,1/29/2020 15:06,2/4/2020,Heodo
95.66.182.136,80,1/29/2020 14:59,2/6/2020,Heodo
113.52.123.226,7080,1/29/2020 14:32,2/5/2020,Heodo
65.184.222.119,80,1/29/2020 14:32,2/6/2020,Heodo
89.19.20.202,443,1/29/2020 14:16,2/6/2020,Heodo
104.236.161.64,8080,1/29/2020 14:16,2/6/2020,Heodo
70.127.155.33,80,1/29/2020 13:27,2/6/2020,Heodo
212.80.217.162,447,1/29/2020 0:14,1/29/2020,TrickBot
195.123.240.197,447,1/28/2020 22:53,2/2/2020,TrickBot
212.109.195.100,447,1/28/2020 19:07,1/29/2020,TrickBot
91.72.179.214,80,1/28/2020 17:58,2/6/2020,Heodo
177.188.121.26,443,1/28/2020 17:30,2/5/2020,Heodo
181.60.244.48,8080,1/28/2020 17:30,2/6/2020,Heodo
104.193.252.168,447,1/28/2020 16:52,1/30/2020,TrickBot
85.96.49.152,80,1/28/2020 16:31,1/30/2020,Heodo
108.190.109.107,80,1/28/2020 16:30,2/6/2020,Heodo
125.207.127.86,80,1/28/2020 16:30,2/6/2020,Heodo
174.83.116.77,80,1/28/2020 16:30,2/6/2020,Heodo
74.208.45.104,8080,1/28/2020 16:30,2/6/2020,Heodo
83.220.168.254,447,1/28/2020 16:13,1/29/2020,TrickBot
95.181.198.236,447,1/28/2020 16:09,2/6/2020,TrickBot
198.8.91.25,447,1/28/2020 16:06,2/6/2020,TrickBot
5.34.158.102,80,1/28/2020 15:08,2/6/2020,Heodo
194.99.21.137,447,1/28/2020 12:14,1/28/2020,TrickBot
85.217.170.137,447,1/28/2020 3:24,1/31/2020,TrickBot
31.16.195.72,80,1/28/2020 2:25,2/3/2020,Heodo
93.189.41.185,447,1/27/2020 23:58,2/6/2020,TrickBot
154.70.158.97,80,1/27/2020 22:49,1/31/2020,Heodo
175.139.209.3,8080,1/27/2020 17:20,2/5/2020,Heodo
184.172.27.82,8080,1/27/2020 17:20,2/6/2020,Heodo
74.50.51.115,7080,1/27/2020 17:20,1/29/2020,Heodo
146.255.96.214,443,1/27/2020 17:20,1/30/2020,Heodo
184.162.115.11,443,1/27/2020 17:06,2/6/2020,Heodo
185.66.12.59,447,1/27/2020 17:04,1/27/2020,TrickBot
178.62.75.204,8080,1/27/2020 16:54,2/6/2020,Heodo
68.183.18.169,8080,1/27/2020 16:54,2/6/2020,Heodo
70.60.238.62,80,1/27/2020 16:54,1/31/2020,Heodo
136.243.205.112,7080,1/27/2020 15:44,2/6/2020,Heodo
218.255.173.106,80,1/27/2020 15:44,2/6/2020,Heodo
23.243.215.4,8080,1/27/2020 15:44,1/28/2020,Heodo
200.69.224.73,80,1/27/2020 15:44,2/6/2020,Heodo
207.177.72.129,8080,1/27/2020 15:17,2/6/2020,Heodo
195.250.143.182,80,1/25/2020 19:14,2/4/2020,Heodo
75.86.6.174,80,1/25/2020 15:32,2/1/2020,Heodo
223.197.185.60,80,1/25/2020 9:12,2/6/2020,Heodo
5.2.75.93,443,1/25/2020 3:28,1/29/2020,TrickBot
85.204.116.237,443,1/25/2020 1:26,1/28/2020,TrickBot
195.123.216.223,443,1/25/2020 0:53,1/27/2020,TrickBot
93.189.42.146,443,1/25/2020 0:25,1/28/2020,TrickBot
211.192.153.224,80,1/24/2020 22:32,2/6/2020,Heodo
23.92.16.164,8080,1/24/2020 22:32,2/6/2020,Heodo
5.182.210.230,443,1/24/2020 21:50,1/27/2020,TrickBot
185.99.2.160,443,1/24/2020 20:36,1/27/2020,TrickBot
5.2.75.167,443,1/24/2020 19:05,1/29/2020,TrickBot
194.5.250.155,443,1/24/2020 15:58,1/26/2020,TrickBot
194.87.238.87,443,1/24/2020 15:58,1/28/2020,TrickBot
185.178.46.184,447,1/24/2020 15:53,1/28/2020,TrickBot
189.78.156.8,80,1/24/2020 15:24,2/3/2020,Heodo
118.200.47.120,443,1/24/2020 15:22,2/5/2020,Heodo
144.139.228.113,443,1/24/2020 15:22,2/6/2020,Heodo
146.185.219.165,443,1/24/2020 15:05,1/27/2020,TrickBot
164.68.120.56,443,1/24/2020 14:07,2/6/2020,TrickBot
51.89.115.116,443,1/24/2020 14:07,2/1/2020,TrickBot
74.108.124.180,80,1/24/2020 10:52,2/6/2020,Heodo
87.81.51.125,80,1/24/2020 7:38,1/27/2020,Heodo
202.229.211.95,80,1/23/2020 17:04,1/28/2020,Heodo
202.175.121.202,8090,1/23/2020 16:46,2/4/2020,Heodo
222.144.13.169,80,1/23/2020 16:46,2/6/2020,Heodo
70.184.9.39,8080,1/23/2020 16:46,2/6/2020,Heodo
150.246.246.238,80,1/23/2020 15:26,2/6/2020,Heodo
186.138.186.74,443,1/23/2020 15:24,2/6/2020,Heodo
151.231.7.154,80,1/23/2020 13:50,1/26/2020,Heodo
72.176.87.136,80,1/23/2020 13:43,1/25/2020,Heodo
108.6.140.26,80,1/23/2020 12:56,2/6/2020,Heodo
185.207.57.205,443,1/23/2020 0:26,1/28/2020,Heodo
88.225.230.33,80,1/23/2020 0:22,2/6/2020,Heodo
115.65.111.148,443,1/22/2020 21:46,2/6/2020,Heodo
45.55.65.123,8080,1/22/2020 21:46,2/6/2020,Heodo
42.200.226.58,80,1/22/2020 21:46,1/31/2020,Heodo
78.101.70.199,443,1/22/2020 21:46,2/5/2020,Heodo
188.218.104.226,80,1/22/2020 21:42,1/29/2020,Heodo
73.125.15.41,80,1/22/2020 21:42,1/29/2020,Heodo
146.185.253.18,443,1/22/2020 21:17,1/27/2020,TrickBot
70.180.35.211,80,1/22/2020 19:09,2/6/2020,Heodo
190.63.7.166,8080,1/22/2020 17:01,2/4/2020,Heodo
81.214.142.115,80,1/22/2020 17:01,2/6/2020,Heodo
203.45.161.179,443,1/22/2020 16:28,2/6/2020,Heodo
177.103.157.126,80,1/22/2020 16:27,1/30/2020,Heodo
99.229.254.209,80,1/22/2020 16:27,1/23/2020,Heodo
75.114.235.105,80,1/22/2020 16:27,2/6/2020,Heodo
181.196.27.123,80,1/22/2020 15:48,2/5/2020,Heodo
186.200.205.170,80,1/22/2020 2:25,2/5/2020,Heodo
175.181.7.188,80,1/21/2020 21:29,2/6/2020,Heodo
152.168.248.128,443,1/21/2020 20:34,2/6/2020,Heodo
74.101.225.121,443,1/21/2020 20:34,2/5/2020,Heodo
81.214.253.80,443,1/21/2020 20:07,1/29/2020,Heodo
68.114.229.171,80,1/21/2020 20:05,2/6/2020,Heodo
180.33.71.88,80,1/21/2020 20:04,2/6/2020,Heodo
85.143.219.58,447,1/21/2020 15:20,2/4/2020,TrickBot
178.20.74.212,80,1/21/2020 12:14,2/6/2020,Heodo
5.199.130.105,7080,1/21/2020 12:14,1/23/2020,Heodo
176.9.43.37,8080,1/21/2020 11:48,2/6/2020,Heodo
81.213.78.151,443,1/21/2020 0:44,1/31/2020,Heodo
90.69.145.210,8080,1/21/2020 0:16,2/6/2020,Heodo
186.223.86.136,443,1/20/2020 15:14,2/4/2020,Heodo
91.242.136.103,80,1/20/2020 15:10,2/6/2020,Heodo
220.247.70.174,80,1/20/2020 14:54,2/6/2020,Heodo
178.152.92.246,80,1/20/2020 14:54,1/22/2020,Heodo
153.137.36.142,80,1/20/2020 14:54,2/6/2020,Heodo
74.130.83.133,80,1/20/2020 14:45,2/5/2020,Heodo
76.104.80.47,443,1/20/2020 14:42,2/6/2020,Heodo
153.183.25.24,80,1/20/2020 14:40,1/23/2020,Heodo
68.62.245.148,80,1/20/2020 13:09,1/27/2020,Heodo
5.2.79.72,447,1/19/2020 20:07,1/28/2020,TrickBot
64.44.133.131,447,1/19/2020 20:05,1/25/2020,TrickBot
85.204.116.233,447,1/19/2020 20:05,1/25/2020,TrickBot
195.123.221.53,447,1/19/2020 20:03,2/2/2020,TrickBot
146.185.253.177,447,1/18/2020 15:40,1/20/2020,TrickBot
78.101.95.172,80,1/18/2020 2:41,1/19/2020,Heodo
60.250.78.22,443,1/17/2020 20:24,2/6/2020,Heodo
179.208.84.218,8080,1/17/2020 16:20,1/22/2020,Heodo
195.223.215.190,80,1/17/2020 16:20,1/30/2020,Heodo
201.236.135.104,443,1/17/2020 16:00,1/21/2020,Heodo
190.143.39.231,80,1/17/2020 16:00,2/6/2020,Heodo
190.114.244.182,443,1/17/2020 16:00,2/4/2020,Heodo
200.71.200.4,443,1/17/2020 16:00,1/24/2020,Heodo
188.85.143.170,80,1/17/2020 15:45,1/21/2020,Heodo
59.135.126.129,443,1/17/2020 15:02,2/6/2020,Heodo
100.6.23.40,80,1/17/2020 14:10,1/24/2020,Heodo
85.105.241.192,80,1/17/2020 13:53,1/23/2020,Heodo
98.199.196.197,80,1/17/2020 13:53,1/19/2020,Heodo
98.192.74.164,80,1/17/2020 13:49,2/6/2020,Heodo
61.221.152.140,80,1/16/2020 19:44,1/31/2020,Heodo
122.176.116.57,443,1/16/2020 19:44,2/5/2020,Heodo
200.82.88.254,80,1/16/2020 19:44,2/6/2020,Heodo
58.92.179.55,443,1/16/2020 19:44,1/24/2020,Heodo
101.187.197.33,443,1/16/2020 16:52,2/6/2020,Heodo
98.30.113.161,80,1/16/2020 16:52,2/3/2020,Heodo
181.13.24.82,80,1/16/2020 16:52,2/6/2020,Heodo
78.142.114.69,80,1/16/2020 16:52,1/31/2020,Heodo
201.229.45.222,8080,1/16/2020 16:52,1/21/2020,Heodo
81.17.92.70,80,1/16/2020 16:52,1/16/2020,Heodo
64.40.250.5,80,1/16/2020 16:33,1/22/2020,Heodo
68.172.243.146,80,1/16/2020 15:50,1/20/2020,Heodo
70.123.95.180,80,1/16/2020 15:42,1/23/2020,Heodo
177.103.240.93,80,1/16/2020 15:30,1/24/2020,Heodo
81.16.1.45,80,1/16/2020 5:48,2/6/2020,Heodo
200.82.170.231,80,1/16/2020 5:48,2/6/2020,Heodo
202.62.39.111,80,1/16/2020 5:48,2/4/2020,Heodo
181.129.96.162,990,1/16/2020 1:18,1/16/2020,Heodo
83.35.213.87,7080,1/16/2020 0:55,1/17/2020,Heodo
82.152.149.79,80,1/16/2020 0:32,1/16/2020,Heodo
73.239.11.159,80,1/16/2020 0:32,2/6/2020,Heodo
211.20.154.102,80,1/15/2020 22:54,2/6/2020,Heodo
72.189.57.105,80,1/15/2020 22:12,2/1/2020,Heodo
187.72.47.161,443,1/15/2020 21:32,2/2/2020,Heodo
122.19.63.27,80,1/15/2020 21:32,1/17/2020,Heodo
125.209.114.180,443,1/15/2020 21:32,2/6/2020,Heodo
76.11.76.47,80,1/15/2020 21:32,1/16/2020,Heodo
61.204.119.188,443,1/15/2020 21:32,2/6/2020,Heodo
24.141.12.228,80,1/15/2020 21:10,1/16/2020,Heodo
24.196.49.98,80,1/15/2020 20:48,1/21/2020,Heodo
5.34.176.242,447,1/15/2020 14:50,1/25/2020,TrickBot
185.105.1.141,447,1/15/2020 14:50,1/17/2020,TrickBot
5.182.210.226,443,1/14/2020 21:36,1/18/2020,TrickBot
188.165.62.36,443,1/14/2020 21:36,1/20/2020,TrickBot
198.23.252.132,447,1/14/2020 21:17,1/16/2020,TrickBot
5.34.176.218,447,1/14/2020 21:17,1/28/2020,TrickBot
120.151.135.224,80,1/14/2020 20:35,2/6/2020,Heodo
160.226.171.255,443,1/14/2020 17:55,2/6/2020,Heodo
95.130.37.244,443,1/14/2020 17:55,2/6/2020,Heodo
185.99.2.117,443,1/14/2020 17:55,1/15/2020,TrickBot
93.189.46.122,443,1/14/2020 17:11,1/29/2020,TrickBot
201.213.100.141,8080,1/14/2020 16:54,2/6/2020,Heodo
139.47.135.215,80,1/14/2020 16:54,2/6/2020,Heodo
186.177.165.196,443,1/14/2020 16:54,2/6/2020,Heodo
60.152.212.149,80,1/14/2020 16:48,1/22/2020,Heodo
181.54.246.80,443,1/14/2020 16:48,1/15/2020,Heodo
186.147.245.204,80,1/14/2020 16:48,2/6/2020,Heodo
165.255.142.118,80,1/14/2020 16:48,1/17/2020,Heodo
5.2.78.43,443,1/14/2020 16:43,1/29/2020,TrickBot
197.89.27.26,8080,1/14/2020 16:18,1/17/2020,Heodo
72.186.137.156,80,1/14/2020 16:18,1/21/2020,Heodo
58.171.38.26,80,1/14/2020 15:57,2/6/2020,Heodo
162.247.155.133,447,1/14/2020 15:56,2/3/2020,TrickBot
70.184.69.146,80,1/14/2020 15:55,2/6/2020,Heodo
76.185.136.132,80,1/14/2020 15:55,1/17/2020,Heodo
185.142.99.8,443,1/14/2020 15:50,1/20/2020,TrickBot
146.185.253.122,447,1/14/2020 15:31,1/18/2020,TrickBot
82.146.62.52,443,1/14/2020 15:25,2/6/2020,TrickBot
85.143.220.228,447,1/14/2020 15:24,2/2/2020,TrickBot
212.109.220.111,443,1/14/2020 15:16,1/23/2020,TrickBot
104.168.96.113,443,1/14/2020 14:39,1/16/2020,TrickBot
85.143.217.237,447,1/14/2020 13:49,2/6/2020,TrickBot
5.182.210.246,443,1/14/2020 13:19,1/30/2020,TrickBot
5.2.78.98,443,1/14/2020 11:21,1/16/2020,TrickBot
185.62.188.34,443,1/14/2020 11:20,1/16/2020,TrickBot
78.189.180.107,80,1/14/2020 9:38,2/6/2020,Heodo
183.82.123.60,443,1/14/2020 9:32,2/5/2020,Heodo
60.130.173.117,80,1/14/2020 9:32,2/6/2020,Heodo
78.189.60.109,443,1/14/2020 9:32,1/17/2020,Heodo
186.15.52.123,80,1/14/2020 9:26,2/5/2020,Heodo
2.47.112.72,80,1/14/2020 9:26,1/21/2020,Heodo
120.150.247.164,80,1/14/2020 9:26,2/6/2020,Heodo
59.120.5.154,80,1/14/2020 9:26,2/6/2020,Heodo
192.241.143.52,8080,1/14/2020 9:26,2/6/2020,Heodo
93.189.41.107,447,1/14/2020 9:22,1/17/2020,TrickBot
76.69.26.71,80,1/14/2020 9:01,1/24/2020,Heodo
66.7.242.50,8080,1/14/2020 8:58,1/17/2020,Heodo
86.123.138.76,80,1/13/2020 21:46,1/20/2020,Heodo
152.231.89.226,80,1/13/2020 20:10,2/6/2020,Heodo
154.73.137.131,80,1/13/2020 19:26,2/6/2020,Heodo
89.211.186.227,443,1/13/2020 17:53,1/15/2020,Heodo
91.250.96.22,8080,1/13/2020 17:53,1/20/2020,Heodo
177.239.160.121,80,1/13/2020 17:53,2/3/2020,Heodo
177.103.159.44,80,1/13/2020 14:58,2/6/2020,Heodo
189.201.197.98,8080,1/13/2020 13:58,2/4/2020,Heodo
62.109.15.126,447,1/13/2020 11:15,1/14/2020,TrickBot
78.24.221.145,447,1/11/2020 21:44,1/27/2020,TrickBot
195.133.146.185,447,1/11/2020 21:23,1/14/2020,TrickBot
92.63.98.59,447,1/11/2020 21:11,1/27/2020,TrickBot
176.31.87.209,447,1/11/2020 20:59,1/14/2020,TrickBot
212.109.223.162,447,1/11/2020 20:47,1/20/2020,TrickBot
185.186.77.247,447,1/11/2020 20:44,1/14/2020,TrickBot
181.30.61.163,80,1/11/2020 16:53,2/6/2020,Heodo
195.123.218.13,447,1/10/2020 4:00,1/14/2020,TrickBot
195.123.218.14,447,1/10/2020 3:40,1/14/2020,TrickBot
189.179.108.157,80,1/9/2020 23:00,1/10/2020,Heodo
27.109.153.201,8090,1/9/2020 23:00,1/17/2020,Heodo
88.249.120.205,80,1/9/2020 23:00,2/6/2020,Heodo
60.231.217.199,8080,1/9/2020 23:00,2/6/2020,Heodo
98.174.166.205,80,1/9/2020 23:00,1/16/2020,Heodo
221.165.123.72,80,1/9/2020 23:00,1/19/2020,Heodo
37.187.72.193,8080,1/9/2020 23:00,2/6/2020,Heodo
190.151.5.130,443,1/9/2020 22:48,1/20/2020,Heodo
190.191.82.216,80,1/9/2020 22:48,2/2/2020,Heodo
198.199.112.197,8080,1/9/2020 21:44,1/10/2020,Heodo
106.248.79.174,80,1/9/2020 21:44,1/16/2020,Heodo
183.91.3.63,80,1/9/2020 21:01,1/22/2020,Heodo
41.215.79.182,80,1/9/2020 21:01,2/6/2020,Heodo
24.164.79.147,8080,1/9/2020 21:00,2/6/2020,Heodo
146.185.253.107,447,1/9/2020 13:25,1/14/2020,TrickBot
103.94.122.254,8082,1/9/2020 2:35,1/27/2020,TrickBot
198.8.91.10,443,1/9/2020 1:35,1/27/2020,TrickBot
23.95.231.187,443,1/8/2020 21:20,1/21/2020,TrickBot
5.2.76.122,443,1/8/2020 19:01,1/9/2020,TrickBot
92.63.105.138,443,1/8/2020 9:00,1/9/2020,TrickBot
85.143.219.230,443,1/8/2020 8:59,1/9/2020,TrickBot
95.181.198.151,443,1/8/2020 8:57,1/9/2020,TrickBot
185.99.2.149,443,1/8/2020 8:57,1/8/2020,TrickBot
79.174.12.245,443,1/8/2020 8:41,1/9/2020,TrickBot
188.0.135.237,80,1/7/2020 19:40,2/6/2020,Heodo
58.162.218.151,80,1/6/2020 23:41,2/5/2020,Heodo
114.109.179.60,80,1/6/2020 23:40,2/6/2020,Heodo
41.60.200.34,80,1/6/2020 23:31,2/6/2020,Heodo
181.126.70.117,80,1/6/2020 23:31,2/6/2020,Heodo
5.32.55.214,80,1/6/2020 23:31,2/4/2020,Heodo
173.66.96.135,80,1/6/2020 23:30,1/13/2020,Heodo
186.86.247.171,443,1/6/2020 23:30,1/21/2020,Heodo
180.33.6.136,443,1/6/2020 23:09,1/9/2020,Heodo
78.210.132.35,80,1/6/2020 23:09,2/6/2020,Heodo
112.68.254.127,80,1/6/2020 23:09,1/9/2020,Heodo
1.221.254.82,80,1/6/2020 23:08,2/6/2020,Heodo
1.217.126.11,443,1/6/2020 23:08,2/6/2020,Heodo
91.73.169.210,80,1/6/2020 23:08,1/11/2020,Heodo
86.108.77.73,443,1/6/2020 23:08,1/7/2020,Heodo
196.6.119.137,80,1/6/2020 22:26,1/17/2020,Heodo
47.180.91.213,80,1/6/2020 22:25,1/20/2020,Heodo
45.73.157.243,8080,1/6/2020 22:24,1/18/2020,Heodo
187.54.225.76,80,1/6/2020 20:53,2/4/2020,Heodo
113.190.254.245,80,1/6/2020 20:21,1/22/2020,Heodo
209.146.22.34,443,1/6/2020 20:17,2/6/2020,Heodo
73.217.39.73,80,1/6/2020 20:17,1/7/2020,Heodo
190.55.181.54,443,1/6/2020 20:17,2/4/2020,Heodo
178.153.176.124,80,1/6/2020 20:16,2/6/2020,Heodo
139.130.242.43,80,1/6/2020 20:16,2/6/2020,Heodo
189.203.177.41,443,1/6/2020 20:16,1/16/2020,Heodo
201.137.247.222,443,1/6/2020 19:16,1/8/2020,Heodo
190.201.144.85,7080,1/6/2020 19:16,1/16/2020,Heodo
91.205.173.150,8080,1/6/2020 19:03,1/16/2020,Heodo
183.87.40.21,8080,1/6/2020 19:03,2/6/2020,Heodo
88.249.181.198,443,1/6/2020 19:03,1/14/2020,Heodo
5.2.77.116,447,1/6/2020 13:47,1/9/2020,TrickBot
185.99.2.131,447,1/5/2020 18:11,1/8/2020,TrickBot
198.23.252.115,447,1/5/2020 18:07,1/12/2020,TrickBot
167.86.123.176,447,1/5/2020 17:38,1/9/2020,TrickBot
181.231.220.232,80,1/5/2020 3:08,2/6/2020,Heodo
79.7.158.208,80,1/5/2020 3:08,2/3/2020,Heodo
110.170.65.146,80,1/5/2020 3:08,2/6/2020,Heodo
62.15.36.103,443,1/5/2020 3:08,1/19/2020,Heodo
94.200.126.42,80,1/5/2020 3:08,2/6/2020,Heodo
112.186.195.176,80,1/4/2020 12:46,1/17/2020,Heodo
105.209.235.113,8080,1/4/2020 12:46,2/6/2020,Heodo
160.119.153.20,80,1/4/2020 12:46,2/6/2020,Heodo
144.139.91.187,80,1/4/2020 12:46,2/6/2020,Heodo
200.45.187.90,80,1/4/2020 12:46,2/5/2020,Heodo
192.99.255.32,447,1/3/2020 15:31,1/9/2020,TrickBot
37.230.115.111,447,1/3/2020 14:40,1/9/2020,TrickBot
185.246.67.49,447,1/3/2020 14:13,1/9/2020,TrickBot
114.179.127.48,80,1/3/2020 12:30,1/14/2020,Heodo
190.219.149.236,80,1/3/2020 12:30,2/6/2020,Heodo
200.21.90.5,443,12/30/2019 11:56,2/6/2020,Heodo
200.116.145.225,443,12/30/2019 11:56,2/6/2020,Heodo
178.237.139.83,8080,12/30/2019 8:58,1/30/2020,Heodo
210.6.85.121,80,12/30/2019 8:58,2/6/2020,Heodo
70.169.53.234,80,12/30/2019 8:58,1/16/2020,Heodo
136.243.250.34,8080,12/30/2019 8:58,1/10/2020,Heodo
47.153.183.211,80,12/29/2019 20:55,2/6/2020,Heodo
107.181.175.119,447,12/29/2019 11:05,1/10/2020,TrickBot
164.68.107.58,447,12/29/2019 5:34,1/18/2020,TrickBot
188.120.231.230,447,12/28/2019 22:15,1/9/2020,TrickBot
185.63.191.109,447,12/28/2019 15:57,1/9/2020,TrickBot
122.116.104.238,7080,12/27/2019 22:04,1/22/2020,Heodo
188.251.213.180,443,12/27/2019 22:00,2/6/2020,Heodo
14.161.30.33,443,12/27/2019 20:45,1/21/2020,Heodo
203.124.57.50,80,12/27/2019 19:42,2/6/2020,Heodo
107.173.26.231,447,12/27/2019 16:07,1/18/2020,TrickBot
198.23.209.201,443,12/26/2019 16:37,1/11/2020,TrickBot
216.251.83.79,80,12/26/2019 9:33,2/6/2020,Heodo
164.68.120.60,443,12/25/2019 13:02,1/9/2020,TrickBot
36.89.88.111,449,12/24/2019 21:49,1/23/2020,TrickBot
203.176.135.102,8082,12/24/2019 10:56,2/5/2020,TrickBot
93.144.226.57,80,12/24/2019 9:44,2/6/2020,Heodo
88.248.140.80,80,12/20/2019 19:00,1/14/2020,Heodo
92.16.222.156,80,12/20/2019 18:42,12/21/2019,Heodo
190.17.94.108,443,12/20/2019 18:42,2/6/2020,Heodo
83.248.141.198,80,12/20/2019 18:02,1/13/2020,Heodo
151.237.36.220,80,12/20/2019 18:02,2/6/2020,Heodo
200.123.183.137,443,12/20/2019 18:02,2/6/2020,Heodo
190.161.180.184,80,12/20/2019 18:02,12/29/2019,Heodo
190.210.236.139,80,12/20/2019 18:02,2/6/2020,Heodo
177.242.21.126,80,12/20/2019 18:02,2/4/2020,Heodo
197.94.32.129,8080,12/20/2019 7:46,1/18/2020,Heodo
138.122.5.214,8080,12/20/2019 7:46,12/21/2019,Heodo
83.165.78.227,80,12/20/2019 7:42,1/15/2020,Heodo
212.237.50.61,8080,12/20/2019 7:42,12/27/2019,Heodo
2.45.112.134,80,12/20/2019 7:42,1/31/2020,Heodo
68.187.160.28,443,12/20/2019 7:23,1/13/2020,Heodo
98.156.206.153,80,12/20/2019 7:22,2/6/2020,Heodo
78.189.165.52,8080,12/20/2019 7:22,2/6/2020,Heodo
85.100.122.211,80,12/20/2019 7:22,2/6/2020,Heodo
173.21.26.90,80,12/20/2019 7:22,2/6/2020,Heodo
175.114.178.83,443,12/19/2019 21:10,2/6/2020,Heodo
24.94.237.248,80,12/19/2019 21:05,2/6/2020,Heodo
24.105.202.216,443,12/19/2019 21:05,2/6/2020,Heodo
190.171.153.139,80,12/19/2019 21:04,2/6/2020,Heodo
98.178.241.106,80,12/19/2019 21:04,1/27/2020,Heodo
179.5.118.12,8080,12/19/2019 21:04,2/6/2020,Heodo
191.183.21.190,80,12/19/2019 16:36,2/6/2020,Heodo
190.93.210.113,80,12/19/2019 15:39,1/22/2020,Heodo
183.99.239.141,80,12/18/2019 15:32,12/25/2019,Heodo
188.135.15.49,80,12/18/2019 15:32,2/6/2020,Heodo
66.25.34.20,80,12/18/2019 15:24,12/18/2019,Heodo
177.144.130.105,443,12/18/2019 15:04,2/6/2020,Heodo
217.12.70.226,80,12/18/2019 15:04,2/6/2020,Heodo
190.47.236.83,80,12/18/2019 15:04,12/20/2019,Heodo
189.19.81.181,443,12/18/2019 14:51,2/6/2020,Heodo
63.248.198.8,80,12/18/2019 14:51,1/14/2020,Heodo
66.229.161.86,443,12/18/2019 12:05,1/9/2020,Heodo
1.215.28.101,8080,12/18/2019 11:30,12/20/2019,Heodo
72.51.153.27,80,12/17/2019 22:07,1/9/2020,Heodo
37.70.131.107,80,12/17/2019 20:48,2/6/2020,Heodo
156.155.163.232,80,12/17/2019 20:41,2/6/2020,Heodo
94.200.114.162,80,12/17/2019 18:56,2/6/2020,Heodo
80.103.207.62,8080,12/17/2019 18:56,12/17/2019,Heodo
45.8.136.201,80,12/17/2019 18:56,1/9/2020,Heodo
190.6.193.152,8080,12/17/2019 18:56,2/6/2020,Heodo
190.100.153.162,443,12/17/2019 18:56,2/5/2020,Heodo
2.237.76.249,80,12/17/2019 16:52,2/6/2020,Heodo
68.118.26.116,80,12/17/2019 16:52,12/18/2019,Heodo
211.44.35.111,80,12/17/2019 16:52,12/18/2019,Heodo
174.81.132.128,80,12/17/2019 16:52,12/18/2019,Heodo
173.247.19.238,80,12/17/2019 16:12,1/2/2020,Heodo
74.79.103.55,80,12/17/2019 16:00,12/27/2019,Heodo
61.197.110.214,80,12/17/2019 11:39,12/26/2019,Heodo
69.14.208.221,80,12/17/2019 10:57,1/16/2020,Heodo
73.11.153.178,8080,12/17/2019 9:49,1/20/2020,Heodo
2.139.158.136,443,12/17/2019 7:52,12/20/2019,Heodo
93.148.252.90,80,12/17/2019 7:52,12/19/2019,Heodo
99.252.27.6,80,12/17/2019 7:52,2/6/2020,Heodo
91.117.131.122,80,12/17/2019 3:30,2/6/2020,Heodo
58.185.224.18,80,12/17/2019 3:30,1/23/2020,Heodo
66.209.97.122,8080,12/16/2019 19:05,12/18/2019,Heodo
85.152.174.56,80,12/16/2019 10:11,2/6/2020,Heodo
181.167.35.84,80,12/16/2019 7:50,2/5/2020,Heodo
118.36.70.245,80,12/13/2019 17:48,1/13/2020,Heodo
223.255.148.134,80,12/13/2019 17:48,12/27/2019,Heodo
80.11.158.65,8080,12/13/2019 17:48,1/31/2020,Heodo
179.13.185.19,80,12/13/2019 17:16,2/6/2020,Heodo
87.9.181.247,80,12/13/2019 17:13,12/27/2019,Heodo
186.84.173.136,8080,12/13/2019 17:12,2/6/2020,Heodo
218.44.21.114,80,12/13/2019 15:42,12/16/2019,Heodo
73.214.99.25,80,12/13/2019 15:26,12/20/2019,Heodo
113.61.76.239,80,12/13/2019 15:22,1/23/2020,Heodo
108.184.9.44,80,12/13/2019 15:21,12/17/2019,Heodo
164.68.115.146,8080,12/13/2019 15:21,12/21/2019,Heodo
181.46.176.38,80,12/13/2019 15:21,12/16/2019,Heodo
138.59.177.106,443,12/12/2019 22:36,12/27/2019,Heodo
175.103.239.50,80,12/12/2019 21:58,12/24/2019,Heodo
89.215.225.15,80,12/12/2019 21:58,2/6/2020,Heodo
178.134.1.238,80,12/12/2019 21:58,12/20/2019,Heodo
47.6.15.79,80,12/12/2019 21:42,2/6/2020,Heodo
186.67.208.78,8080,12/12/2019 21:02,12/18/2019,Heodo
120.51.83.89,443,12/12/2019 3:37,12/19/2019,Heodo
173.91.11.142,80,12/12/2019 3:33,1/14/2020,Heodo
96.234.38.186,8080,12/12/2019 3:33,12/13/2019,Heodo
73.60.8.210,80,12/12/2019 3:33,12/31/2019,Heodo
67.254.196.78,443,12/11/2019 16:13,1/15/2020,Heodo
119.57.36.54,8080,12/11/2019 16:12,12/16/2019,Heodo
175.127.140.68,80,12/11/2019 16:12,2/3/2020,Heodo
64.53.242.181,8080,12/11/2019 16:08,1/29/2020,Heodo
79.7.114.1,80,12/11/2019 16:00,1/27/2020,Heodo
103.209.178.208,449,12/11/2019 13:32,1/10/2020,TrickBot
85.235.219.74,80,12/11/2019 13:30,12/20/2019,Heodo
78.186.102.195,80,12/11/2019 13:00,1/15/2020,Heodo
91.117.31.181,80,12/11/2019 13:00,1/30/2020,Heodo
171.100.142.238,449,12/11/2019 12:22,2/4/2020,TrickBot
96.38.234.10,80,12/11/2019 7:57,12/13/2019,Heodo
75.80.148.244,80,12/11/2019 7:56,12/19/2019,Heodo
91.74.175.46,80,12/11/2019 7:54,1/23/2020,Heodo
110.143.84.202,80,12/11/2019 7:52,1/15/2020,Heodo
74.59.187.94,80,12/11/2019 7:18,12/19/2019,Heodo
201.173.217.124,443,12/10/2019 15:38,2/6/2020,Heodo
1.33.230.137,80,12/10/2019 15:38,12/17/2019,Heodo
74.105.102.97,8080,12/10/2019 15:38,12/17/2019,Heodo
200.41.121.69,443,12/10/2019 14:06,1/10/2020,Heodo
68.174.15.223,80,12/10/2019 12:22,2/6/2020,Heodo
2.42.173.240,80,12/10/2019 12:13,2/5/2020,Heodo
47.156.70.145,80,12/10/2019 11:56,2/6/2020,Heodo
85.152.208.146,80,12/10/2019 11:52,12/23/2019,Heodo
180.180.216.177,449,12/10/2019 7:30,2/4/2020,TrickBot
121.100.19.18,449,12/9/2019 22:31,2/4/2020,TrickBot
110.142.38.16,80,12/9/2019 16:08,1/7/2020,Heodo
66.34.201.20,7080,12/9/2019 16:08,2/6/2020,Heodo
66.76.63.99,80,12/9/2019 16:08,12/9/2019,Heodo
5.88.27.67,8080,12/9/2019 15:48,1/31/2020,Heodo
115.179.91.58,80,12/9/2019 15:42,12/21/2019,Heodo
103.9.145.19,8080,12/9/2019 15:42,12/10/2019,Heodo
67.171.182.231,80,12/9/2019 15:42,12/12/2019,Heodo
12.176.19.218,80,12/9/2019 14:34,12/18/2019,Heodo
190.171.135.235,80,12/9/2019 14:32,12/16/2019,Heodo
24.27.122.202,80,12/9/2019 13:05,12/16/2019,Heodo
76.221.133.146,80,12/9/2019 13:03,12/11/2019,Heodo
93.67.154.252,443,12/9/2019 10:05,12/16/2019,Heodo
202.186.240.165,8080,12/9/2019 10:04,12/12/2019,Heodo
37.183.121.32,80,12/9/2019 10:04,12/17/2019,Heodo
96.61.113.203,80,12/9/2019 9:43,1/10/2020,Heodo
41.77.74.214,443,12/9/2019 7:32,2/6/2020,Heodo
58.93.151.148,80,12/9/2019 1:01,2/6/2020,Heodo
80.21.182.46,80,12/7/2019 23:41,12/17/2019,Heodo
45.51.40.140,80,12/7/2019 23:41,1/9/2020,Heodo
83.156.88.159,80,12/7/2019 17:04,1/9/2020,Heodo
101.187.134.207,443,12/7/2019 15:38,2/6/2020,Heodo
82.8.232.51,80,12/7/2019 15:14,2/6/2020,Heodo
82.79.244.92,80,12/6/2019 1:20,1/31/2020,Heodo
210.224.65.117,80,12/5/2019 22:42,1/6/2020,Heodo
1.32.54.12,8080,12/5/2019 18:50,12/7/2019,Heodo
188.216.24.204,80,12/5/2019 18:44,2/3/2020,Heodo
130.45.45.31,80,12/5/2019 18:44,12/9/2019,Heodo
98.15.140.226,80,12/5/2019 15:49,2/6/2020,Heodo
193.33.38.208,443,12/5/2019 10:04,1/3/2020,Heodo
58.171.42.66,8080,12/5/2019 8:28,1/28/2020,Heodo
139.130.241.252,443,12/5/2019 8:23,12/9/2019,Heodo
191.103.76.34,443,12/5/2019 7:28,2/4/2020,Heodo
186.68.48.204,443,12/4/2019 23:44,2/6/2020,Heodo
96.126.121.64,443,12/4/2019 23:44,12/22/2019,Heodo
200.119.11.118,443,12/4/2019 22:55,1/6/2020,Heodo
24.28.178.71,80,12/4/2019 22:55,12/18/2019,Heodo
70.175.171.251,80,12/4/2019 17:44,1/18/2020,Heodo
194.5.250.50,447,12/4/2019 12:29,2/6/2020,TrickBot
204.63.252.182,443,12/4/2019 6:09,12/11/2019,Heodo
210.111.160.220,80,12/3/2019 20:53,1/21/2020,Heodo
77.241.53.234,80,12/3/2019 20:15,12/10/2019,Heodo
81.82.247.216,80,12/3/2019 20:12,1/29/2020,Heodo
69.30.205.162,7080,12/3/2019 20:12,1/29/2020,Heodo
91.73.197.90,80,12/3/2019 20:09,1/22/2020,Heodo
213.179.105.214,8080,12/3/2019 20:09,12/4/2019,Heodo
108.179.206.219,8080,12/3/2019 20:09,2/6/2020,Heodo
108.191.2.72,80,12/3/2019 20:09,2/6/2020,Heodo
162.241.92.219,8080,12/3/2019 19:12,2/6/2020,Heodo
110.142.161.90,80,12/3/2019 19:12,2/6/2020,Heodo
63.246.252.234,80,12/3/2019 18:26,12/13/2019,Heodo
188.152.7.140,80,12/3/2019 18:01,12/16/2019,Heodo
185.160.212.3,80,12/3/2019 17:51,1/22/2020,Heodo
83.165.163.225,80,12/3/2019 17:51,12/9/2019,Heodo
68.129.203.162,443,12/3/2019 17:51,12/13/2019,Heodo
80.29.54.20,80,12/3/2019 17:51,12/9/2019,Heodo
73.167.135.180,80,12/3/2019 14:40,12/11/2019,Heodo
45.129.121.222,443,12/2/2019 16:04,12/7/2019,Heodo
123.142.37.165,80,12/2/2019 16:04,12/17/2019,Heodo
37.132.193.19,8080,12/2/2019 15:52,12/5/2019,Heodo
47.146.42.234,80,12/2/2019 15:52,12/9/2019,Heodo
190.5.162.204,80,12/2/2019 10:08,2/5/2020,Heodo
72.69.99.47,80,12/2/2019 9:00,12/9/2019,Heodo
45.79.95.107,443,12/2/2019 2:57,1/27/2020,Heodo
190.100.16.210,8082,12/1/2019 3:28,2/5/2020,TrickBot
107.2.2.28,80,11/30/2019 2:56,12/8/2019,Heodo
144.139.56.105,80,11/30/2019 2:32,2/6/2020,Heodo
116.48.138.115,80,11/30/2019 2:32,12/16/2019,Heodo
172.90.70.168,443,11/30/2019 2:01,12/10/2019,Heodo
122.11.164.183,80,11/30/2019 2:01,12/6/2019,Heodo
190.101.87.170,80,11/30/2019 2:01,12/17/2019,Heodo
109.166.89.91,80,11/29/2019 7:45,2/6/2020,Heodo
190.12.119.180,443,11/29/2019 7:45,2/6/2020,Heodo
120.150.246.241,80,11/28/2019 10:50,2/1/2020,Heodo
197.254.221.174,80,11/28/2019 10:50,12/26/2019,Heodo
195.244.215.206,80,11/28/2019 10:50,12/17/2019,Heodo
190.186.164.23,80,11/28/2019 10:32,2/4/2020,Heodo
47.187.70.124,443,11/28/2019 10:32,11/30/2019,Heodo
2.38.99.79,80,11/28/2019 10:32,12/15/2019,Heodo
125.230.36.147,443,11/28/2019 10:32,11/29/2019,Heodo
72.27.212.209,8080,11/28/2019 10:20,2/5/2020,Heodo
95.219.199.225,80,11/28/2019 9:56,11/30/2019,Heodo
81.213.145.45,443,11/28/2019 8:58,12/7/2019,Heodo
187.190.49.92,443,11/28/2019 8:30,11/30/2019,Heodo
12.229.155.122,80,11/28/2019 8:25,12/13/2019,Heodo
5.88.182.250,80,11/28/2019 8:25,12/17/2019,Heodo
128.65.154.183,443,11/28/2019 7:24,12/20/2019,Heodo
45.56.88.91,443,11/26/2019 20:11,12/15/2019,Heodo
59.110.18.236,443,11/26/2019 20:11,12/7/2019,Heodo
51.68.220.244,8080,11/26/2019 1:05,1/30/2020,Heodo
24.45.193.161,7080,11/25/2019 21:40,12/7/2019,Heodo
185.90.61.107,447,11/25/2019 14:35,1/31/2020,TrickBot
203.130.0.69,80,11/25/2019 12:44,1/22/2020,Heodo
80.93.48.49,7080,11/25/2019 12:22,12/7/2019,Heodo
192.161.190.171,8080,11/25/2019 9:50,1/2/2020,Heodo
206.189.112.148,8080,11/25/2019 9:39,1/28/2020,Heodo
206.81.10.215,8080,11/25/2019 8:35,2/6/2020,Heodo
50.116.86.205,8080,11/21/2019 15:00,2/6/2020,Heodo
209.97.168.52,8080,11/20/2019 18:03,2/6/2020,Heodo
198.58.120.26,8080,11/20/2019 18:03,11/21/2019,Heodo
190.147.215.53,22,11/19/2019 18:22,12/17/2019,Heodo
90.77.228.193,8090,11/19/2019 18:22,11/20/2019,Heodo
181.91.215.151,990,11/19/2019 17:36,11/20/2019,Heodo
190.189.79.73,80,11/19/2019 17:34,12/7/2019,Heodo
172.104.233.225,8080,11/18/2019 9:46,12/10/2019,Heodo
222.239.249.166,443,11/18/2019 9:44,12/2/2019,Heodo
83.169.33.157,8080,11/17/2019 21:12,11/27/2019,Heodo
213.189.36.51,8080,11/15/2019 15:55,12/3/2019,Heodo
70.32.78.99,8080,11/15/2019 15:51,11/25/2019,Heodo
110.93.247.98,443,11/15/2019 14:46,11/16/2019,Heodo
65.23.154.17,8080,11/15/2019 10:40,11/30/2019,Heodo
181.129.104.139,449,11/14/2019 11:05,2/4/2020,TrickBot
181.112.157.42,449,11/14/2019 11:05,2/4/2020,TrickBot
91.205.173.54,8080,11/14/2019 8:12,11/26/2019,Heodo
105.226.188.128,8090,11/14/2019 8:01,11/18/2019,Heodo
107.170.27.84,443,11/14/2019 8:01,11/22/2019,Heodo
144.76.56.36,8080,11/14/2019 8:01,2/6/2020,Heodo
191.92.209.110,7080,11/14/2019 5:10,11/28/2019,Heodo
190.214.13.2,449,11/13/2019 11:35,2/4/2020,TrickBot
181.129.134.18,449,11/13/2019 5:37,2/4/2020,TrickBot
181.113.28.146,449,11/13/2019 3:33,1/8/2020,TrickBot
181.196.207.202,449,11/12/2019 16:10,2/4/2020,TrickBot
192.241.255.77,8080,11/12/2019 12:31,1/22/2020,Heodo
152.169.32.143,8080,11/9/2019 0:42,12/6/2019,Heodo
190.4.50.26,80,11/8/2019 21:32,12/7/2019,Heodo
181.140.173.186,449,11/8/2019 3:58,1/15/2020,TrickBot
181.57.193.14,80,11/7/2019 20:32,12/19/2019,Heodo
189.173.113.67,443,11/7/2019 19:37,11/28/2019,Heodo
191.100.24.201,50000,11/7/2019 13:41,11/28/2019,Heodo
181.197.108.171,443,11/7/2019 13:31,12/6/2019,Heodo
193.34.144.138,8080,11/6/2019 11:24,11/26/2019,Heodo
170.130.31.177,8080,11/6/2019 9:57,11/23/2019,Heodo
165.227.156.155,443,11/6/2019 9:41,1/5/2020,Heodo
171.101.153.86,990,11/5/2019 15:28,11/22/2019,Heodo
67.225.179.64,8080,11/5/2019 14:34,1/3/2020,Heodo
189.189.56.216,443,11/5/2019 12:30,11/5/2019,Heodo
74.208.173.91,8080,11/5/2019 2:26,11/11/2019,Heodo
186.18.224.149,80,11/5/2019 2:24,11/8/2019,Heodo
201.190.133.235,8080,11/4/2019 14:26,12/7/2019,Heodo
190.210.184.138,995,11/4/2019 14:26,2/6/2020,Heodo
51.255.165.160,8080,11/4/2019 14:26,12/27/2019,Heodo
217.160.19.232,8080,11/4/2019 9:39,1/30/2020,Heodo
111.119.233.65,80,11/4/2019 9:33,11/20/2019,Heodo
202.29.215.114,449,11/2/2019 19:09,2/4/2020,TrickBot
163.172.40.218,7080,10/30/2019 15:42,12/30/2019,Heodo
45.56.79.249,443,10/30/2019 15:11,11/9/2019,Heodo
192.241.220.155,8080,10/30/2019 15:00,12/2/2019,Heodo
190.195.148.163,80,10/30/2019 8:33,11/1/2019,Heodo
186.15.57.7,8080,10/30/2019 6:32,11/1/2019,Heodo
183.102.238.69,465,10/29/2019 22:56,1/3/2020,Heodo
189.145.6.189,80,10/29/2019 22:52,10/31/2019,Heodo
190.182.161.7,8080,10/29/2019 21:48,11/3/2019,Heodo
181.198.203.45,443,10/28/2019 15:44,1/9/2020,Heodo
124.150.175.133,80,10/28/2019 15:44,1/20/2020,Heodo
42.190.4.92,443,10/28/2019 14:48,11/6/2019,Heodo
211.229.116.130,80,10/28/2019 12:26,2/4/2020,Heodo
212.129.24.79,8080,10/28/2019 12:04,12/23/2019,Heodo
190.146.131.105,8080,10/27/2019 2:46,12/16/2019,Heodo
216.75.37.196,8080,10/26/2019 11:00,1/30/2020,Heodo
95.216.207.86,7080,10/26/2019 10:04,2/6/2020,Heodo
60.52.64.122,80,10/26/2019 7:20,11/5/2019,Heodo
173.249.47.77,8080,10/25/2019 13:00,11/20/2019,Heodo
37.187.2.199,443,10/25/2019 12:50,11/23/2019,Heodo
189.166.13.109,80,10/25/2019 12:46,10/27/2019,Heodo
96.20.84.254,7080,10/25/2019 11:54,12/3/2019,Heodo
187.193.89.61,50000,10/24/2019 18:24,10/29/2019,Heodo
91.204.163.19,8090,10/24/2019 18:24,12/19/2019,Heodo
144.139.158.155,80,10/24/2019 18:24,11/14/2019,Heodo
189.218.243.150,443,10/24/2019 18:22,11/7/2019,Heodo
201.213.32.59,80,10/24/2019 15:12,2/4/2020,Heodo
189.159.113.125,8080,10/24/2019 15:11,10/25/2019,Heodo
45.56.122.75,80,10/23/2019 14:31,10/28/2019,Heodo
190.217.1.149,80,10/23/2019 14:29,11/11/2019,Heodo
190.16.101.10,80,10/23/2019 14:29,11/22/2019,Heodo
190.166.25.99,80,10/21/2019 20:36,10/22/2019,Heodo
181.16.17.210,443,10/21/2019 20:23,11/21/2019,Heodo
186.109.91.136,80,10/21/2019 13:13,10/25/2019,Heodo
46.174.235.36,449,10/21/2019 10:05,1/24/2020,TrickBot
186.84.173.153,80,10/19/2019 15:59,10/29/2019,Heodo
78.46.103.90,7080,10/19/2019 11:23,10/21/2019,Heodo
69.163.33.84,8080,10/18/2019 17:37,2/6/2020,Heodo
131.0.103.200,8080,10/18/2019 17:37,10/23/2019,Heodo
120.138.101.250,80,10/18/2019 17:36,10/23/2019,Heodo
105.227.100.228,80,10/18/2019 17:36,10/21/2019,Heodo
186.71.150.23,449,10/18/2019 17:35,2/4/2020,TrickBot
186.146.110.108,8080,10/16/2019 23:12,10/24/2019,Heodo
181.44.166.242,80,10/16/2019 22:58,12/6/2019,Heodo
181.99.223.250,8080,10/16/2019 22:39,10/21/2019,Heodo
75.154.163.1,8090,10/16/2019 21:17,10/25/2019,Heodo
181.135.153.203,443,10/16/2019 21:08,12/12/2019,Heodo
94.177.183.28,8080,10/16/2019 18:14,1/9/2020,Heodo
131.161.253.190,449,10/16/2019 17:56,2/4/2020,TrickBot
138.197.140.163,8080,10/16/2019 5:49,1/10/2020,Heodo
154.120.227.206,8080,10/15/2019 10:06,12/1/2019,Heodo
14.160.93.230,80,10/12/2019 6:31,1/14/2020,Heodo
167.71.10.37,8080,10/11/2019 20:51,1/22/2020,Heodo
113.52.135.33,7080,10/9/2019 22:51,1/9/2020,Heodo
68.183.170.114,8080,10/9/2019 20:18,2/6/2020,Heodo
201.184.105.242,443,10/9/2019 19:56,2/6/2020,Heodo
198.199.114.69,8080,10/9/2019 10:58,10/31/2019,Heodo
181.47.235.26,993,10/9/2019 10:56,12/5/2019,Heodo
51.38.134.203,8080,10/8/2019 9:48,2/6/2020,Heodo
68.183.190.199,8080,10/7/2019 11:04,2/3/2020,Heodo
46.101.212.195,8080,10/4/2019 13:32,1/18/2020,Heodo
5.189.148.98,8080,10/3/2019 17:40,12/28/2019,Heodo
76.69.29.42,80,10/3/2019 6:44,12/4/2019,Heodo
201.196.15.79,990,10/3/2019 4:25,12/14/2019,Heodo
94.183.71.206,7080,10/3/2019 4:25,11/27/2019,Heodo
89.32.150.160,8080,10/2/2019 22:06,10/3/2019,Heodo
209.141.41.136,8080,10/2/2019 19:29,11/7/2019,Heodo
198.58.112.7,443,10/2/2019 15:11,1/14/2020,Heodo
186.1.41.111,443,9/30/2019 18:59,11/21/2019,Heodo
181.231.62.54,80,9/30/2019 9:02,12/11/2019,Heodo
190.102.226.91,80,9/26/2019 11:25,12/9/2019,Heodo
110.36.234.146,80,9/26/2019 5:22,10/26/2019,Heodo
190.108.228.48,990,9/25/2019 0:44,12/6/2019,Heodo
119.159.150.176,443,9/25/2019 0:13,12/9/2019,Heodo
190.96.118.15,443,9/23/2019 23:48,11/11/2019,Heodo
143.95.101.72,8080,9/23/2019 12:49,1/16/2020,Heodo
101.187.237.217,20,9/23/2019 10:50,2/6/2020,Heodo
217.199.160.224,8080,9/20/2019 8:40,2/6/2020,Heodo
178.249.187.151,8080,9/20/2019 8:24,11/15/2019,Heodo
190.38.14.52,80,9/20/2019 0:54,12/16/2019,Heodo
190.104.253.234,990,9/19/2019 18:37,11/4/2019,Heodo
187.149.84.80,8080,9/18/2019 18:21,9/19/2019,Heodo
189.166.68.89,443,9/18/2019 18:20,10/11/2019,Heodo
207.180.208.175,8080,9/18/2019 1:06,9/20/2019,Heodo
192.163.221.191,8080,9/17/2019 23:18,1/9/2020,Heodo
66.55.71.15,447,9/16/2019 15:06,1/17/2020,TrickBot
190.226.44.20,21,9/16/2019 14:48,12/17/2019,Heodo
185.94.252.13,443,9/16/2019 9:38,12/23/2019,Heodo
103.97.95.218,80,9/16/2019 9:37,1/25/2020,Heodo
176.31.200.130,8080,9/16/2019 9:28,12/30/2019,Heodo
125.99.61.162,7080,9/14/2019 9:20,2/6/2020,Heodo
159.203.204.126,8080,9/12/2019 20:14,9/17/2019,Heodo
183.82.97.25,80,9/12/2019 17:01,12/5/2019,Heodo
77.245.101.134,8080,9/12/2019 17:00,11/19/2019,Heodo
80.85.87.122,8080,9/12/2019 17:00,12/17/2019,Heodo
149.202.153.251,8080,9/12/2019 16:06,12/8/2019,Heodo
75.127.14.170,8080,9/12/2019 9:52,12/23/2019,Heodo
64.44.51.125,443,9/11/2019 2:20,2/5/2020,TrickBot
146.185.219.31,443,7/2/2019 9:30,1/10/2020,TrickBot
170.238.117.187,8082,6/23/2019 1:51,2/5/2020,TrickBot
181.10.204.106,80,6/10/2019 9:58,2/6/2020,Heodo
138.68.106.4,7080,6/4/2019 16:41,2/6/2020,Heodo
86.6.188.121,80,6/4/2019 14:41,10/29/2019,Heodo
81.213.215.216,50000,6/4/2019 13:59,11/27/2019,Heodo
31.12.67.62,7080,5/29/2019 13:25,2/6/2020,Heodo
181.36.42.205,443,5/29/2019 10:09,2/6/2020,Heodo
86.42.166.147,80,5/27/2019 7:50,2/6/2020,Heodo
200.123.101.90,80,5/24/2019 18:10,12/11/2019,Heodo
159.65.241.220,8080,5/23/2019 7:39,1/24/2020,Heodo
104.131.11.150,8080,5/22/2019 22:32,1/24/2020,Heodo
46.105.131.87,80,5/18/2019 13:36,2/6/2020,Heodo
81.213.182.115,8443,5/16/2019 16:26,5/21/2019,Heodo
181.164.227.212,80,5/16/2019 15:09,5/24/2019,Heodo
217.113.27.158,443,5/16/2019 5:09,9/23/2019,Heodo
219.74.237.49,443,5/16/2019 5:09,6/4/2019,Heodo
187.178.9.19,20,5/15/2019 15:40,6/7/2019,Heodo
45.73.124.235,8080,5/15/2019 15:40,6/7/2019,Heodo
181.143.101.18,8080,5/14/2019 18:52,10/11/2019,Heodo
185.129.93.140,80,5/14/2019 18:52,9/8/2019,Heodo
190.13.211.174,21,5/14/2019 18:52,8/29/2019,Heodo
182.176.132.213,8090,5/11/2019 19:34,1/30/2020,Heodo
222.214.218.136,4143,5/9/2019 18:22,6/7/2019,Heodo
190.53.135.159,21,5/9/2019 18:22,2/6/2020,Heodo
177.246.193.139,20,5/9/2019 18:22,9/25/2019,Heodo
201.97.131.88,143,5/9/2019 18:22,5/9/2019,Heodo
88.21.212.13,8080,5/9/2019 18:22,5/29/2019,Heodo
68.52.43.253,80,5/9/2019 17:54,5/9/2019,Heodo
181.16.127.226,443,5/9/2019 16:07,6/7/2019,Heodo
181.15.243.22,80,5/8/2019 16:37,6/7/2019,Heodo
105.224.171.102,80,5/7/2019 20:32,6/7/2019,Heodo
218.161.88.253,8080,5/7/2019 19:57,6/6/2019,Heodo
177.242.202.30,8080,5/7/2019 8:48,5/27/2019,Heodo
87.106.23.241,8080,5/7/2019 8:48,5/13/2019,Heodo
103.255.150.84,80,5/4/2019 1:04,9/30/2019,Heodo
186.159.1.217,8082,5/3/2019 1:54,2/5/2020,TrickBot
119.155.153.14,21,5/2/2019 12:28,6/3/2019,Heodo
85.132.96.242,80,4/27/2019 22:15,5/4/2019,Heodo
78.100.187.118,80,4/10/2019 10:16,5/2/2019,Heodo
187.188.166.192,80,4/10/2019 8:48,1/21/2020,Heodo
89.188.124.145,443,4/3/2019 5:53,11/14/2019,Heodo
2.50.4.159,443,3/27/2019 12:19,5/18/2019,Heodo
82.226.163.9,80,3/26/2019 17:26,5/16/2019,Heodo
200.21.51.30,80,3/22/2019 8:53,2/5/2020,TrickBot
78.186.5.109,443,3/21/2019 19:25,1/17/2020,Heodo
190.211.207.11,443,3/15/2019 17:04,12/6/2019,Heodo
190.117.206.153,443,3/14/2019 13:04,10/26/2019,Heodo
103.39.131.88,80,3/12/2019 13:32,11/26/2019,Heodo
187.188.83.52,143,3/11/2019 13:54,5/20/2019,Heodo
213.107.110.253,143,3/11/2019 13:22,,Heodo
186.15.83.52,8080,3/11/2019 13:03,2/5/2020,Heodo
85.104.59.244,20,3/8/2019 12:52,10/24/2019,Heodo
189.151.39.229,21,3/7/2019 17:17,,Heodo
200.51.94.251,143,3/7/2019 17:16,10/31/2019,Heodo
66.84.11.168,8080,3/7/2019 14:48,6/7/2019,Heodo
75.104.218.201,143,3/7/2019 5:58,,Heodo
187.209.46.240,21,3/7/2019 5:58,,Heodo
189.141.175.53,143,3/7/2019 5:58,,Heodo
94.200.157.250,21,3/7/2019 5:58,4/21/2019,Heodo
78.188.105.159,21,3/5/2019 16:02,5/11/2019,Heodo
74.56.155.43,993,3/5/2019 15:44,,Heodo
59.103.164.174,80,3/5/2019 15:16,2/6/2020,Heodo
85.105.205.77,8080,3/5/2019 13:16,2/6/2020,Heodo
181.140.37.228,993,3/4/2019 21:08,,Heodo
70.45.30.28,8080,3/2/2019 9:28,2/6/2020,Heodo
181.143.53.227,21,3/2/2019 2:10,10/10/2019,Heodo
187.201.31.46,143,3/1/2019 15:36,,Heodo
110.36.217.66,53,2/26/2019 14:06,2/6/2020,Heodo
36.89.85.103,449,2/22/2019 9:25,2/4/2020,TrickBot
24.185.185.187,443,2/22/2019 8:04,,Heodo
217.13.106.160,7080,2/20/2019 3:13,9/5/2019,Heodo
212.112.113.235,80,2/13/2019 0:31,2/6/2020,Heodo
105.247.123.133,8080,2/6/2019 10:35,2/6/2020,Heodo
190.10.194.42,8080,1/23/2019 19:37,10/28/2019,Heodo
186.75.241.230,80,1/23/2019 13:45,12/21/2019,Heodo
201.251.43.69,8080,1/17/2019 20:10,10/17/2019,Heodo
109.104.79.48,8080,1/17/2019 3:05,10/17/2019,Heodo
185.94.252.27,443,1/17/2019 1:01,1/14/2020,Heodo
27.147.163.188,7080,1/16/2019 8:31,10/26/2019,Heodo
178.209.71.63,53,1/15/2019 6:21,12/24/2019,Heodo
180.92.239.110,7080,1/13/2019 16:09,2/6/2020,Heodo
181.143.194.138,443,1/13/2019 2:02,12/5/2019,Heodo
200.113.106.18,80,1/11/2019 19:25,12/1/2019,Heodo
190.195.129.227,8090,12/19/2018 17:09,2/6/2020,Heodo
186.4.172.5,8080,12/19/2018 15:30,12/28/2019,Heodo
104.131.58.132,8080,12/19/2018 5:44,1/15/2020,Heodo
94.205.247.10,80,12/17/2018 13:29,11/13/2019,Heodo
200.71.148.138,8080,12/14/2018 10:38,12/7/2019,Heodo
79.78.139.74,990,12/13/2018 22:41,,Heodo
78.186.175.54,80,12/13/2018 22:40,,Heodo
24.232.26.157,8080,12/13/2018 22:40,,Heodo
54.39.180.109,80,12/13/2018 22:40,,Heodo
105.184.191.243,80,12/13/2018 22:40,,Heodo
187.177.155.123,990,12/13/2018 22:40,2/6/2020,Heodo
81.136.148.196,50000,12/13/2018 22:14,,Heodo
181.111.60.39,443,12/13/2018 20:05,,Heodo
181.29.77.158,80,12/13/2018 20:05,,Heodo
190.210.37.122,80,12/13/2018 20:05,,Heodo
109.74.142.74,80,12/13/2018 20:04,,Heodo
187.243.203.67,8090,12/13/2018 20:04,,Heodo
88.250.255.12,8080,12/13/2018 18:15,,Heodo
87.224.1.34,80,12/13/2018 18:15,,Heodo
173.178.223.66,8090,12/13/2018 18:15,,Heodo
110.37.219.134,990,12/13/2018 1:22,,Heodo
152.168.60.9,80,12/13/2018 1:22,,Heodo
190.152.12.86,80,12/13/2018 1:22,,Heodo
190.146.201.54,80,12/13/2018 1:03,,Heodo
181.143.126.170,8080,12/10/2018 23:00,2/6/2020,Heodo
198.61.196.18,8080,12/10/2018 20:02,,Heodo
201.220.152.101,80,12/6/2018 22:40,6/7/2019,Heodo
115.78.95.230,443,12/6/2018 17:03,11/20/2019,Heodo
128.92.54.20,80,11/26/2018 8:57,12/14/2019,Heodo
178.210.51.222,8080,11/22/2018 1:22,12/3/2019,Heodo
144.139.247.220,80,11/22/2018 1:22,12/19/2019,Heodo
83.136.245.190,8080,11/21/2018 12:57,11/28/2019,Heodo
190.145.67.134,8090,11/19/2018 14:33,12/2/2019,Heodo
110.143.57.109,80,11/17/2018 21:52,12/14/2019,Heodo
173.171.132.82,8082,10/16/2018 7:01,2/5/2020,TrickBot
190.117.126.169,80,10/16/2018 6:39,2/2/2020,Heodo
200.57.102.71,8443,10/3/2018 15:21,10/25/2019,Heodo
69.198.17.20,8080,9/25/2018 16:36,,Heodo
201.163.74.202,443,9/13/2018 17:04,12/6/2019,Heodo
103.205.177.229,80,7/12/2018 16:28,11/22/2019,Heodo
52.4.64.240,4143,2/22/2018 15:03,,Heodo
178.62.253.139,4143,2/21/2018 1:37,,Heodo
186.103.199.252,4143,2/15/2018 21:22,,Heodo
80.82.115.164,4143,2/13/2018 21:24,,Heodo
84.200.208.98,80,2/13/2018 19:10,,Heodo
193.169.54.12,8080,1/19/2018 0:42,,Heodo
149.202.153.252,8080,12/26/2017 1:38,,Heodo
173.212.192.45,8080,11/23/2017 7:10,,Heodo
12.162.84.2,443,10/31/2017 8:50,2/6/2020,Heodo
178.63.156.138,8080,10/25/2017 16:17,,Heodo
46.28.109.151,8080,10/20/2017 17:14,,Heodo
216.71.120.100,8080,10/17/2017 19:23,,Heodo
83.169.3.142,8080,10/17/2017 10:12,,Heodo
64.62.228.170,8080,10/17/2017 10:12,,Heodo
178.254.33.12,8080,10/5/2017 23:39,,Heodo
94.199.242.92,8080,10/5/2017 23:39,,Heodo
74.208.155.175,8080,10/3/2017 18:44,,Heodo
51.255.58.18,8080,9/30/2017 21:38,,Heodo
74.50.52.130,8080,9/30/2017 19:42,,Heodo
5.45.108.249,8080,9/28/2017 14:05,,Heodo
108.59.253.38,8080,9/25/2017 20:14,,Heodo
103.16.131.20,8080,9/7/2017 10:57,,Heodo
45.33.55.157,8080,9/4/2017 2:28,,Heodo
173.212.227.54,443,8/25/2017 9:24,,Heodo
162.243.159.58,443,8/17/2017 21:30,,Heodo
192.81.212.79,443,7/28/2017 14:26,,Heodo
209.140.18.37,8080,1/18/2013 6:08,,Heodo
